Time_s,H2_Flow_LPM,H2_Generation_m3_s
1,0,0
2,16.11,0.000268485
3,19.65,0.000327445
4,23.45,0.000390888
5,27.5,0.000458333
6,31.76,0.000529267
7,36.19,0.000603148
8,40.76,0.000679416
9,45.45,0.000757489
10,50.21,0.000836774
11,55,0.000916667
12,59.79,0.000996559
13,64.55,0.001075844
14,69.24,0.001153917
15,73.81,0.001230185
16,78.24,0.001304067
17,82.5,0.001375
18,86.55,0.001442445
19,90.35,0.001505889
20,93.89,0.001564848
21,97.13,0.001618874
22,100.05,0.001667556
23,102.63,0.001710523
24,104.85,0.001747449
25,106.68,0.001778052
26,108.13,0.001802099
27,109.16,0.001819407
28,109.79,0.001829845
29,110,0.001833333
30,109.81,0.001830138
31,109.24,0.001820586
32,108.29,0.001804783
33,106.97,0.001782902
34,105.31,0.001755181
35,103.32,0.001721927
36,101.01,0.001683501
37,98.42,0.001640326
38,95.57,0.001592875
39,92.5,0.001541667
40,89.24,0.001487263
41,85.82,0.00143026
42,82.28,0.001371282
43,78.66,0.001310975
44,75,0.00125
45,71.34,0.001189025
46,67.72,0.001128718
47,64.18,0.00106974
48,60.76,0.001012737
49,57.5,0.000958333
50,54.43,0.000907125
51,51.58,0.000859674
52,48.99,0.000816499
53,46.68,0.000778073
54,44.69,0.000744819
55,43.03,0.000717098
56,41.71,0.000695217
57,40.76,0.000679414
58,40.19,0.000669862
59,40,0.000666667
60,40.05,0.000667459
61,40.19,0.000669832
62,40.43,0.000673765
63,40.75,0.000679231
64,41.17,0.000686186
65,41.67,0.000694578
66,42.26,0.000704343
67,42.92,0.000715407
68,43.66,0.000727686
69,44.47,0.000741086
70,45.33,0.000755505
71,46.25,0.000770833
72,47.22,0.000786955
73,48.22,0.000803746
74,49.26,0.000821079
75,50.33,0.000838823
76,51.41,0.000856843
77,52.5,0.000875
78,53.59,0.000893157
79,54.67,0.000911177
80,55.74,0.000928921
81,56.78,0.000946254
82,57.78,0.000963045
83,58.75,0.000979167
84,59.67,0.000994495
85,60.53,0.001008914
86,61.34,0.001022314
87,62.08,0.001034593
88,62.74,0.001045657
89,63.33,0.001055422
90,63.83,0.001063814
91,64.25,0.001070769
92,64.57,0.001076235
93,64.81,0.001080168
94,64.95,0.001082541
95,65,0.001083333
96,64.96,0.00108272
97,64.85,0.001080881
98,64.67,0.00107782
99,64.41,0.001073545
100,64.08,0.001068065
101,63.68,0.001061392
102,63.21,0.001053542
103,62.67,0.001044533
104,62.06,0.001034384
105,61.39,0.001023119
106,60.65,0.001010764
107,59.84,0.000997346
108,58.97,0.000982895
109,58.05,0.000967445
110,57.06,0.000951031
111,56.02,0.000933689
112,54.93,0.000915459
113,53.78,0.000896383
114,52.59,0.000876503
115,51.35,0.000855864
116,50.07,0.000834514
117,48.75,0.0008125
118,47.39,0.000789873
119,46,0.000766683
120,44.58,0.000742984
121,43.13,0.000718828
122,41.66,0.000694272
123,40.16,0.000669369
124,38.65,0.000644178
125,37.13,0.000618754
126,35.59,0.000593155
127,34.05,0.00056744
128,32.5,0.000541667
129,30.95,0.000515893
130,29.41,0.000490178
131,27.87,0.000464579
132,26.35,0.000439156
133,24.84,0.000413964
134,23.34,0.000389062
135,21.87,0.000364505
136,20.42,0.00034035
137,19,0.00031665
138,17.61,0.000293461
139,16.25,0.000270833
140,0,0
141,0,0
142,0,0
143,0,0
144,0,0
145,0,0
146,0,0
147,0,0
148,0,0
149,0,0
150,0,0
151,0,0
152,0,0
153,0,0
154,0,0
155,0,0
156,0,0
157,0,0
158,0,0
159,0,0
160,0,0
161,0,0
162,0,0
163,0,0
164,0,0
165,0,0
166,0,0
167,0,0
168,0,0
169,0,0
170,0,0
171,0,0
172,0,0
173,0,0
174,0,0
175,0,0
176,0,0
177,0,0
178,0,0
179,0,0
180,0,0
181,0,0
182,0,0
183,0,0
184,0,0
185,0,0
186,0,0
187,0,0
188,0,0
189,0,0
190,0,0
191,0,0
192,0,0
193,0,0
194,0,0
195,0,0
196,0,0
197,0,0
198,0,0
199,0,0
200,0,0
201,0,0
202,0,0
203,0,0
204,0,0
205,0,0
206,0,0
207,0,0
208,0,0
209,0,0
210,0,0
211,0,0
212,0,0
213,0,0
214,0,0
215,0,0
216,0,0
217,0,0
218,0,0
219,0,0
220,0,0
221,0,0
222,0,0
223,0,0
224,0,0
225,0,0
226,0,0
227,0,0
228,0,0
229,0,0
230,0,0
231,0,0
232,0,0
233,0,0
234,0,0
235,0,0
236,0,0
237,0,0
238,0,0
239,0,0
240,16.54,0.0002756
241,18.12,0.00030196
242,19.74,0.00032899
243,21.4,0.000356598
244,23.08,0.000384692
245,24.79,0.000413176
246,26.52,0.000441954
247,28.26,0.000470928
248,30,0.0005
249,31.74,0.000529072
250,33.48,0.000558046
251,35.21,0.000586824
252,36.92,0.000615308
253,38.6,0.000643402
254,40.26,0.00067101
255,41.88,0.00069804
256,43.46,0.0007244
257,45,0.00075
258,46.49,0.000774754
259,47.91,0.000798579
260,49.28,0.000821394
261,50.59,0.000843121
262,51.82,0.000863687
263,52.98,0.000883022
264,54.06,0.000901062
265,55.06,0.000917744
266,55.98,0.000933013
267,56.81,0.000946816
268,57.55,0.000959108
269,58.19,0.000969846
270,58.74,0.000978995
271,59.19,0.000986522
272,59.54,0.000992404
273,59.8,0.000996619
274,59.95,0.000999154
275,60,0.001
276,59.94,0.000999021
277,59.77,0.000996091
278,59.47,0.000991225
279,59.07,0.00098445
280,58.55,0.000975806
281,57.92,0.000965339
282,57.19,0.000953109
283,56.35,0.000939184
284,55.42,0.000923641
285,54.39,0.000906568
286,53.28,0.00088806
287,52.09,0.000868221
288,50.83,0.000847162
289,49.5,0.000825
290,48.11,0.000801859
291,46.67,0.000777869
292,45.19,0.000753164
293,43.67,0.000727882
294,42.13,0.000702165
295,40.57,0.000676156
296,39,0.00065
297,37.43,0.000623844
298,35.87,0.000597835
299,34.33,0.000572118
300,32.81,0.000546836
301,31.33,0.000522131
302,29.89,0.000498141
303,28.5,0.000475
304,27.17,0.000452838
305,25.91,0.000431779
306,24.72,0.00041194
307,23.61,0.000393432
308,22.58,0.000376359
309,21.65,0.000360816
310,20.81,0.000346891
311,20.08,0.000334661
312,19.45,0.000324194
313,18.93,0.00031555
314,18.53,0.000308775
315,18.23,0.000303909
316,18.06,0.000300979
317,18,0.0003
318,18.04,0.000300592
319,18.14,0.000302367
320,18.32,0.000305317
321,18.57,0.000309434
322,18.88,0.000314704
323,19.27,0.000321108
324,19.72,0.000328624
325,20.23,0.000337229
326,20.81,0.000346891
327,21.45,0.000357579
328,22.16,0.000369257
329,22.91,0.000381884
330,23.73,0.000395419
331,24.59,0.000409815
332,25.5,0.000425024
333,26.46,0.000440994
334,27.46,0.000457672
335,28.5,0.000475
336,29.58,0.00049292
337,30.68,0.000511372
338,31.82,0.000530293
339,32.98,0.000549619
340,34.16,0.000569284
341,35.35,0.000589223
342,36.56,0.000609367
343,37.78,0.000629649
344,39,0.00065
345,40.22,0.000670351
346,41.44,0.000690633
347,42.65,0.000710777
348,43.84,0.000730716
349,45.02,0.000750381
350,46.18,0.000769707
351,47.32,0.000788628
352,48.42,0.00080708
353,49.5,0.000825
354,50.54,0.000842328
355,51.54,0.000859006
356,52.5,0.000874976
357,53.41,0.000890185
358,54.27,0.000904581
359,55.09,0.000918116
360,55.84,0.000930743
361,56.55,0.000942421
362,57.19,0.000953109
363,57.77,0.000962771
364,58.28,0.000971376
365,58.73,0.000978892
366,59.12,0.000985296
367,59.43,0.000990566
368,59.68,0.000994683
369,59.86,0.000997633
370,59.96,0.000999408
371,60,0.001
372,59.92,0.000998602
373,59.66,0.000994415
374,59.25,0.000987464
375,58.67,0.000977786
376,57.93,0.000965437
377,57.03,0.000950484
378,55.98,0.000933013
379,54.79,0.000913119
380,53.45,0.000890916
381,51.99,0.000866526
382,50.41,0.000840086
383,48.7,0.000811745
384,46.9,0.00078166
385,45,0.00075
386,43.02,0.000716942
387,40.96,0.000682671
388,38.84,0.000647378
389,36.68,0.00061126
390,34.47,0.000574521
391,32.24,0.000537365
392,30,0.0005
393,27.76,0.000462635
394,25.53,0.000425479
395,23.32,0.00038874
396,21.16,0.000352622
397,19.04,0.000317329
398,16.98,0.000283058
399,15,0.00025
400,0,0
401,0,0
402,0,0
403,0,0
404,0,0
405,0,0
406,0,0
407,0,0
408,0,0
409,0,0
410,0,0
411,0,0
412,0,0
413,0,0
414,0,0
415,0,0
416,0,0
417,0,0
418,0,0
419,0,0
420,0,0
421,0,0
422,0,0
423,0,0
424,0,0
425,0,0
426,0,0
427,0,0
428,0,0
429,0,0
430,0,0
431,0,0
432,0,0
433,0,0
434,0,0
435,0,0
436,0,0
437,0,0
438,0,0
439,0,0
440,0,0
441,0,0
442,0,0
443,0,0
444,0,0
445,0,0
446,0,0
447,0,0
448,0,0
449,0,0
450,0,0
451,0,0
452,0,0
453,0,0
454,0,0
455,0,0
456,0,0
457,0,0
458,0,0
459,0,0
460,0,0
461,0,0
462,0,0
463,0,0
464,0,0
465,0,0
466,0,0
467,0,0
468,0,0
469,0,0
470,0,0
471,0,0
472,0,0
473,0,0
474,0,0
475,0,0
476,0,0
477,0,0
478,0,0
479,0,0
480,0,0
481,0,0
482,0,0
483,0,0
484,0,0
485,0,0
486,0,0
487,0,0
488,0,0
489,0,0
490,0,0
491,0,0
492,0,0
493,0,0
494,0,0
495,0,0
496,0,0
497,0,0
498,0,0
499,0,0
500,0,0
501,0,0
502,0,0
503,0,0
504,0,0
505,0,0
506,0,0
507,0,0
508,0,0
509,0,0
510,0,0
511,0,0
512,0,0
513,0,0
514,0,0
515,0,0
516,0,0
517,0,0
518,0,0
519,0,0
520,0,0
521,0,0
522,0,0
523,0,0
524,0,0
525,0,0
526,0,0
527,0,0
528,0,0
529,0,0
530,0,0
531,0,0
532,0,0
533,0,0
534,0,0
535,0,0
536,0,0
537,0,0
538,0,0
539,0,0
540,0,0
541,0,0
542,0,0
543,0,0
544,0,0
545,0,0
546,0,0
547,0,0
548,0,0
549,0,0
550,0,0
551,0,0
552,0,0
553,0,0
554,0,0
555,0,0
556,0,0
557,0,0
558,0,0
559,0,0
560,0,0
561,0,0
562,0,0
563,0,0
564,0,0
565,0,0
566,0,0
567,0,0
568,0,0
569,0,0
570,0,0
571,0,0
572,0,0
573,0,0
574,0,0
575,0,0
576,0,0
577,0,0
578,0,0
579,0,0
580,0,0
581,0,0
582,0,0
583,0,0
584,0,0
585,0,0
586,0,0
587,0,0
588,0,0
589,0,0
590,0,0
591,0,0
592,0,0
593,0,0
594,0,0
595,0,0
596,0,0
597,0,0
598,0,0
599,0,0
600,0,0
601,0,0
602,0,0
603,0,0
604,0,0
605,0,0
606,0,0
607,0,0
608,0,0
609,0,0
610,0,0
611,0,0
612,0,0
613,0,0
614,0,0
615,0,0
616,0,0
617,0,0
618,0,0
619,0,0
620,0,0
621,0,0
622,0,0
623,0,0
624,0,0
625,0,0
626,0,0
627,0,0
628,0,0
629,0,0
630,0,0
631,0,0
632,0,0
633,0,0
634,0,0
635,0,0
636,0,0
637,0,0
638,0,0
639,0,0
640,0,0
641,0,0
642,0,0
643,0,0
644,0,0
645,0,0
646,0,0
647,0,0
648,0,0
649,0,0
650,0,0
651,0,0
652,0,0
653,0,0
654,0,0
655,0,0
656,0,0
657,0,0
658,0,0
659,0,0
660,0,0
661,0,0
662,0,0
663,0,0
664,0,0
665,0,0
666,0,0
667,0,0
668,0,0
669,0,0
670,0,0
671,0,0
672,0,0
673,0,0
674,0,0
675,0,0
676,0,0
677,0,0
678,0,0
679,0,0
680,0,0
681,0,0
682,0,0
683,0,0
684,0,0
685,0,0
686,0,0
687,0,0
688,0,0
689,0,0
690,0,0
691,0,0
692,0,0
693,0,0
694,0,0
695,0,0
696,0,0
697,0,0
698,0,0
699,0,0
700,0,0
701,0,0
702,0,0
703,0,0
704,0,0
705,0,0
706,0,0
707,0,0
708,0,0
709,0,0
710,0,0
711,0,0
712,0,0
713,0,0
714,0,0
715,0,0
716,0,0
717,0,0
718,0,0
719,0,0
720,0,0
721,0,0
722,0,0
723,0,0
724,0,0
725,0,0
726,0,0
727,0,0
728,0,0
729,0,0
730,0,0
731,0,0
732,0,0
733,0,0
734,0,0
735,0,0
736,0,0
737,0,0
738,0,0
739,0,0
740,0,0
741,0,0
742,0,0
743,0,0
744,0,0
745,0,0
746,0,0
747,0,0
748,0,0
749,0,0
750,0,0
751,0,0
752,0,0
753,0,0
754,0,0
755,0,0
756,0,0
757,0,0
758,0,0
759,0,0
760,0,0
761,0,0
762,0,0
763,0,0
764,0,0
765,0,0
766,0,0
767,0,0
768,0,0
769,0,0
770,0,0
771,0,0
772,0,0
773,0,0
774,0,0
775,0,0
776,0,0
777,0,0
778,0,0
779,0,0
780,0,0
781,0,0
782,0,0
783,0,0
784,0,0
785,0,0
786,0,0
787,0,0
788,0,0
789,0,0
790,0,0
791,0,0
792,0,0
793,0,0
794,0,0
795,0,0
796,0,0
797,0,0
798,0,0
799,0,0
800,0,0
801,0,0
802,0,0
803,0,0
804,0,0
805,0,0
806,0,0
807,0,0
808,0,0
809,0,0
810,0,0
811,0,0
812,0,0
813,0,0
814,0,0
815,0,0
816,0,0
817,0,0
818,0,0
819,0,0
820,0,0
821,0,0
822,0,0
823,0,0
824,0,0
825,0,0
826,0,0
827,0,0
828,0,0
829,0,0
830,0,0
831,0,0
832,0,0
833,0,0
834,0,0
835,0,0
836,0,0
837,0,0
838,0,0
839,0,0
840,0,0
841,0,0
842,0,0
843,0,0
844,0,0
845,0,0
846,0,0
847,0,0
848,0,0
849,0,0
850,0,0
851,0,0
852,0,0
853,0,0
854,0,0
855,0,0
856,0,0
857,0,0
858,0,0
859,0,0
860,0,0
861,0,0
862,0,0
863,0,0
864,0,0
865,0,0
866,0,0
867,0,0
868,0,0
869,0,0
870,0,0
871,0,0
872,0,0
873,0,0
874,0,0
875,0,0
876,0,0
877,0,0
878,0,0
879,0,0
880,0,0
881,0,0
882,0,0
883,0,0
884,0,0
885,0,0
886,0,0
887,0,0
888,0,0
889,0,0
890,0,0
891,0,0
892,0,0
893,0,0
894,0,0
895,0,0
896,0,0
897,0,0
898,0,0
899,0,0
900,0,0
901,0,0
902,0,0
903,0,0
904,0,0
905,0,0
906,0,0
907,0,0
908,0,0
909,0,0
910,0,0
911,0,0
912,0,0
913,0,0
914,0,0
915,0,0
916,0,0
917,0,0
918,0,0
919,0,0
920,0,0
921,0,0
922,0,0
923,0,0
924,0,0
925,0,0
926,0,0
927,0,0
928,0,0
929,0,0
930,0,0
931,0,0
932,0,0
933,0,0
934,0,0
935,0,0
936,0,0
937,0,0
938,0,0
939,0,0
940,0,0
941,0,0
942,0,0
943,0,0
944,0,0
945,0,0
946,0,0
947,0,0
948,0,0
949,0,0
950,0,0
951,0,0
952,0,0
953,0,0
954,0,0
955,0,0
956,0,0
957,0,0
958,0,0
959,0,0
960,0,0
961,0,0
962,0,0
963,0,0
964,0,0
965,0,0
966,0,0
967,0,0
968,0,0
969,0,0
970,0,0
971,0,0
972,0,0
973,0,0
974,0,0
975,0,0
976,0,0
977,0,0
978,0,0
979,0,0
980,0,0
981,0,0
982,0,0
983,0,0
984,0,0
985,0,0
986,0,0
987,0,0
988,0,0
989,0,0
990,0,0
991,0,0
992,0,0
993,0,0
994,0,0
995,0,0
996,0,0
997,0,0
998,0,0
999,0,0
1000,0,0
1001,0,0
1002,0,0
1003,0,0
1004,0,0
1005,0,0
1006,0,0
1007,0,0
1008,0,0
1009,0,0
1010,0,0
1011,0,0
1012,0,0
1013,0,0
1014,0,0
1015,0,0
1016,0,0
1017,0,0
1018,0,0
1019,0,0
1020,0,0
1021,0,0
1022,0,0
1023,0,0
1024,0,0
1025,0,0
1026,0,0
1027,0,0
1028,0,0
1029,0,0
1030,0,0
1031,0,0
1032,0,0
1033,0,0
1034,0,0
1035,0,0
1036,0,0
1037,0,0
1038,0,0
1039,0,0
1040,0,0
1041,0,0
1042,0,0
1043,0,0
1044,0,0
1045,0,0
1046,0,0
1047,0,0
1048,0,0
1049,0,0
1050,0,0
1051,0,0
1052,0,0
1053,0,0
1054,0,0
1055,0,0
1056,0,0
1057,0,0
1058,0,0
1059,0,0
1060,0,0
1061,0,0
1062,0,0
1063,0,0
1064,0,0
1065,0,0
1066,0,0
1067,0,0
1068,0,0
1069,0,0
1070,0,0
1071,0,0
1072,0,0
1073,0,0
1074,0,0
1075,0,0
1076,0,0
1077,0,0
1078,0,0
1079,0,0
1080,0,0
1081,0,0
1082,0,0
1083,0,0
1084,0,0
1085,0,0
1086,0,0
1087,0,0
1088,0,0
1089,0,0
1090,0,0
1091,0,0
1092,0,0
1093,0,0
1094,0,0
1095,0,0
1096,0,0
1097,0,0
1098,0,0
1099,0,0
1100,0,0
1101,0,0
1102,0,0
1103,0,0
1104,0,0
1105,0,0
1106,0,0
1107,0,0
1108,0,0
1109,0,0
1110,0,0
1111,0,0
1112,0,0
1113,0,0
1114,0,0
1115,0,0
1116,0,0
1117,0,0
1118,0,0
1119,0,0
1120,0,0
1121,0,0
1122,0,0
1123,0,0
1124,0,0
1125,0,0
1126,0,0
1127,0,0
1128,0,0
1129,0,0
1130,0,0
1131,0,0
1132,0,0
1133,0,0
1134,0,0
1135,0,0
1136,0,0
1137,0,0
1138,0,0
1139,0,0
1140,0,0
1141,0,0
1142,0,0
1143,0,0
1144,0,0
1145,0,0
1146,0,0
1147,0,0
1148,0,0
1149,0,0
1150,0,0
1151,0,0
1152,0,0
1153,0,0
1154,0,0
1155,0,0
1156,0,0
1157,0,0
1158,0,0
1159,0,0
1160,0,0
1161,0,0
1162,0,0
1163,0,0
1164,0,0
1165,0,0
1166,0,0
1167,0,0
1168,0,0
1169,0,0
1170,0,0
1171,0,0
1172,0,0
1173,0,0
1174,0,0
1175,0,0
1176,0,0
1177,0,0
1178,0,0
1179,0,0
1180,0,0
1181,0,0
1182,0,0
1183,0,0
1184,0,0
1185,0,0
1186,0,0
1187,0,0
1188,0,0
1189,0,0
1190,0,0
1191,0,0
1192,0,0
1193,0,0
1194,0,0
1195,0,0
1196,0,0
1197,0,0
1198,0,0
1199,0,0
1200,0,0
